{"mean":{"confidence_interval":{"confidence_level":0.95,"lower_bound":14184436.666666662,"upper_bound":15410745.516666662},"point_estimate":14767370.333333336,"standard_error":311731.41646470444},"median":{"confidence_interval":{"confidence_level":0.95,"lower_bound":13368633.333333334,"upper_bound":14361400.0},"point_estimate":13821950.0,"standard_error":261238.3303890655},"median_abs_dev":{"confidence_interval":{"confidence_level":0.95,"lower_bound":1272836.7874026303,"upper_bound":2145766.9419050245},"point_estimate":1588976.5217900276,"standard_error":217352.0632104539},"slope":null,"std_dev":{"confidence_interval":{"confidence_level":0.95,"lower_bound":2286446.9960737214,"upper_bound":3821304.023684867},"point_estimate":3125036.1886942354,"standard_error":391405.6357760029}}